{"cameraMode":{"drawMode":0,"name":"Shaded","section":"Shading Mode"},"sceneLighting":false,"audioPlay":false,"sceneViewState":{"showFog":true,"showMaterialUpdate":false,"showSkybox":false,"showFlares":true,"showImageEffects":true,"showParticleSystems":true},"in2DMode":false,"pivot":{"x":-0.2546149492263794,"y":0.10061851888895035,"z":0.7641397714614868},"rotation":{"x":0.21046897768974305,"y":0.5724106431007385,"z":-0.15529154241085053,"w":0.7773106098175049},"size":2.993786096572876,"orthographic":false}