{"cameraMode":{"drawMode":0,"name":"Shaded","section":"Shading Mode"},"sceneLighting":false,"audioPlay":false,"sceneViewState":{"showFog":true,"showMaterialUpdate":false,"showSkybox":false,"showFlares":true,"showImageEffects":true,"showParticleSystems":true},"in2DMode":false,"pivot":{"x":-0.581967294216156,"y":1.0768243074417115,"z":0.18795228004455567},"rotation":{"x":0.19988660514354707,"y":0.3181106746196747,"z":-0.06879698485136032,"w":0.9241899847984314},"size":1.2313854694366456,"orthographic":false}