{"cameraMode":{"drawMode":0,"name":"Shaded","section":"Shading Mode"},"sceneLighting":false,"audioPlay":false,"sceneViewState":{"showFog":true,"showMaterialUpdate":false,"showSkybox":false,"showFlares":true,"showImageEffects":true,"showParticleSystems":true},"in2DMode":false,"pivot":{"x":1.6391277313232423e-7,"y":0.17093653976917268,"z":0.010209053754806519},"rotation":{"x":0.13217240571975709,"y":0.5549436211585999,"z":-0.0898372009396553,"w":0.8163986802101135},"size":0.389226496219635,"orthographic":false}