{"cameraMode":{"drawMode":0,"name":"Shaded","section":"Shading Mode"},"sceneLighting":false,"audioPlay":false,"sceneViewState":{"showFog":true,"showMaterialUpdate":false,"showSkybox":false,"showFlares":true,"showImageEffects":true,"showParticleSystems":true},"in2DMode":false,"pivot":{"x":-0.0001137852668762207,"y":1.9759998321533204,"z":-0.00045299530029296875},"rotation":{"x":-0.002959613222628832,"y":0.6830421686172485,"z":0.0025485344231128694,"w":0.7305585145950317},"size":2.993786096572876,"orthographic":false}