{"cameraMode":{"drawMode":0,"name":"Shaded","section":"Shading Mode"},"sceneLighting":false,"audioPlay":false,"sceneViewState":{"showFog":true,"showMaterialUpdate":false,"showSkybox":false,"showFlares":true,"showImageEffects":true,"showParticleSystems":true},"in2DMode":false,"pivot":{"x":-0.02774178981781006,"y":1.1749995946884156,"z":-0.016382336616516115},"rotation":{"x":0.639396607875824,"y":-0.25199955701828005,"z":0.23433971405029298,"w":0.6875830292701721},"size":1.3186097145080567,"orthographic":false}