{"cameraMode":{"drawMode":0,"name":"Shaded","section":"Shading Mode"},"sceneLighting":false,"audioPlay":false,"sceneViewState":{"showFog":true,"showMaterialUpdate":false,"showSkybox":false,"showFlares":true,"showImageEffects":true,"showParticleSystems":true},"in2DMode":false,"pivot":{"x":376.7787780761719,"y":54.421112060546878,"z":445.0849914550781},"rotation":{"x":-0.011220742017030716,"y":-0.6946162581443787,"z":-0.010839811526238919,"w":0.7192157506942749},"size":4.748843193054199,"orthographic":false}