{"cameraMode":{"drawMode":0,"name":"Shaded","section":"Shading Mode"},"sceneLighting":false,"audioPlay":false,"sceneViewState":{"showFog":true,"showMaterialUpdate":false,"showSkybox":false,"showFlares":true,"showImageEffects":true,"showParticleSystems":true},"in2DMode":false,"pivot":{"x":-0.6003628969192505,"y":2.2612524032592775,"z":0.4116358160972595},"rotation":{"x":0.002437570597976446,"y":0.6939094066619873,"z":-0.002656705444678664,"w":0.7202404141426086},"size":3.8937861919403078,"orthographic":false}