{"cameraMode":{"drawMode":0,"name":"Shaded","section":"Shading Mode"},"sceneLighting":true,"audioPlay":false,"sceneViewState":{"showFog":true,"showMaterialUpdate":true,"showSkybox":true,"showFlares":true,"showImageEffects":true,"showParticleSystems":true},"in2DMode":false,"pivot":{"x":229.20071411132813,"y":-116.77385711669922,"z":194.67892456054688},"rotation":{"x":0.10252415388822556,"y":0.8858026266098023,"z":-0.3882284462451935,"w":0.23358401656150819},"size":187.6463623046875,"orthographic":false}