{"cameraMode":{"drawMode":0,"name":"Shaded","section":"Shading Mode"},"sceneLighting":false,"audioPlay":false,"sceneViewState":{"showFog":true,"showMaterialUpdate":false,"showSkybox":false,"showFlares":true,"showImageEffects":true,"showParticleSystems":true},"in2DMode":false,"pivot":{"x":0.004455059766769409,"y":0.33229467272758486,"z":-0.0477558970451355},"rotation":{"x":-0.25168576836586,"y":-0.7257112860679627,"z":0.334679514169693,"w":-0.5461814403533936},"size":0.7469581365585327,"orthographic":false}