{"cameraMode":{"drawMode":0,"name":"Shaded","section":"Shading Mode"},"sceneLighting":false,"audioPlay":false,"sceneViewState":{"showFog":true,"showMaterialUpdate":false,"showSkybox":false,"showFlares":true,"showImageEffects":true,"showParticleSystems":true},"in2DMode":false,"pivot":{"x":343.04443359375,"y":16.570425033569337,"z":313.0127258300781},"rotation":{"x":0.06095973402261734,"y":-0.8986916542053223,"z":0.13253158330917359,"w":0.41366100311279299},"size":3.975687265396118,"orthographic":false}