{"cameraMode":{"drawMode":0,"name":"Shaded","section":"Shading Mode"},"sceneLighting":false,"audioPlay":false,"sceneViewState":{"showFog":true,"showMaterialUpdate":false,"showSkybox":false,"showFlares":true,"showImageEffects":true,"showParticleSystems":true},"in2DMode":false,"pivot":{"x":-0.07335829734802246,"y":2.000000476837158,"z":-0.00011992454528808594},"rotation":{"x":0.20421308279037476,"y":0.5309428572654724,"z":-0.13379909098148347,"w":0.8116536736488342},"size":2.9973440170288088,"orthographic":false}