{"cameraMode":{"drawMode":0,"name":"Shaded","section":"Shading Mode"},"sceneLighting":false,"audioPlay":false,"sceneViewState":{"showFog":true,"showMaterialUpdate":false,"showSkybox":false,"showFlares":true,"showImageEffects":true,"showParticleSystems":true},"in2DMode":false,"pivot":{"x":-0.043861839920282367,"y":1.1093103885650635,"z":-0.13103404641151429},"rotation":{"x":0.20120911300182343,"y":0.22970682382583619,"z":-0.04859573766589165,"w":0.9509990811347961},"size":0.757379949092865,"orthographic":false}