{"cameraMode":{"drawMode":0,"name":"Shaded","section":"Shading Mode"},"sceneLighting":false,"audioPlay":false,"sceneViewState":{"showFog":true,"showMaterialUpdate":false,"showSkybox":false,"showFlares":true,"showImageEffects":true,"showParticleSystems":true},"in2DMode":false,"pivot":{"x":0.1876862347126007,"y":3.614969491958618,"z":-0.5311888456344605},"rotation":{"x":0.2203163206577301,"y":0.6265811920166016,"z":-0.19137661159038545,"w":0.7228400111198425},"size":6.297345161437988,"orthographic":false}