{"cameraMode":{"drawMode":0,"name":"Shaded","section":"Shading Mode"},"sceneLighting":false,"audioPlay":false,"sceneViewState":{"showFog":true,"showMaterialUpdate":false,"showSkybox":false,"showFlares":true,"showImageEffects":true,"showParticleSystems":true},"in2DMode":false,"pivot":{"x":-0.019657760858535768,"y":0.910000205039978,"z":-0.01231914758682251},"rotation":{"x":0.5719626545906067,"y":-0.26043063402175906,"z":0.19802126288414002,"w":0.752221941947937},"size":1.0458587408065797,"orthographic":false}