{"cameraMode":{"drawMode":0,"name":"Shaded","section":"Shading Mode"},"sceneLighting":false,"audioPlay":false,"sceneViewState":{"showFog":true,"showMaterialUpdate":false,"showSkybox":false,"showFlares":true,"showImageEffects":true,"showParticleSystems":true},"in2DMode":false,"pivot":{"x":0.62698894739151,"y":1.484349012374878,"z":-0.04951439052820206},"rotation":{"x":0.17746266722679139,"y":0.669506847858429,"z":-0.16977748274803163,"w":0.7012328505516052},"size":2.693786382675171,"orthographic":false}