{"cameraMode":{"drawMode":0,"name":"Shaded","section":"Shading Mode"},"sceneLighting":true,"audioPlay":false,"sceneViewState":{"showFog":true,"showMaterialUpdate":false,"showSkybox":false,"showFlares":true,"showImageEffects":true,"showParticleSystems":true},"in2DMode":false,"pivot":{"x":6.016618728637695,"y":-3.0800793170928957,"z":-2.114658832550049},"rotation":{"x":0.13321252167224885,"y":0.8309192657470703,"z":-0.2253950983285904,"w":0.49097779393196108},"size":5.790874481201172,"orthographic":false}