{"cameraMode":{"drawMode":0,"name":"Shaded","section":"Shading Mode"},"sceneLighting":false,"audioPlay":false,"sceneViewState":{"showFog":true,"showMaterialUpdate":false,"showSkybox":false,"showFlares":true,"showImageEffects":true,"showParticleSystems":true},"in2DMode":false,"pivot":{"x":-0.017850279808044435,"y":0.2900368571281433,"z":0.0008965283632278442},"rotation":{"x":-0.3472515940666199,"y":-0.35580259561538699,"z":0.14437523484230042,"w":-0.8557015061378479},"size":0.6570480465888977,"orthographic":false}