{"cameraMode":{"drawMode":0,"name":"Shaded","section":"Shading Mode"},"sceneLighting":false,"audioPlay":false,"sceneViewState":{"showFog":true,"showMaterialUpdate":false,"showSkybox":false,"showFlares":true,"showImageEffects":true,"showParticleSystems":true},"in2DMode":false,"pivot":{"x":-0.0000018030405044555665,"y":1.4796465635299683,"z":4.6938657760620119e-7},"rotation":{"x":0.5087276697158814,"y":-0.25618776679039,"z":0.16172488033771516,"w":0.8058687448501587},"size":1.6062262058258057,"orthographic":false}